Variable,Count,Mean,Std,Min,Max,Skewness,Kurtosis,Missing_Values,CV_Percentage
HGT_prl,1495040,5823.374191907643,68.86434103442747,5403.9893,5933.822,-1.86685481759172,3.1877802067338052,0,1.1825505070603857
TMP_prl,1495040,291.57211523830796,5.680138841587642,259.35587,316.05557,-0.4888766691531602,2.2565867646629876,0,1.9481077046565807
TMP_2m,1495040,292.36909010809745,14.251046675976143,229.73714,323.39883,-1.3525534207886316,0.9657941918045236,0,4.874334243304281
APCP_sfc,1495040,0.9370008285776695,3.1112662901281314,0.0,314.15625,16.034404190696012,693.3660758118152,0,332.04520158759215
